\xef\xbb\xbfDesignator,Per Board Qty,Order Qty,Description,MPN,LCSC Part #,Type,Supplier,Line Price (USD)
"C1, C2",2,4,15pF 0603 50V C0G,CL10C150JB8NNNC,C1644,Basic,JLCPCB,0.0452
"C3, C4, C5",3,6,4.7µF 0603 16V,CL10A475KO8NNNC,C19666,Basic,JLCPCB,0.1770
"C6, C7",2,4,10µF 0805 25V,CL21A106KAYNNNE,C15850,Basic,JLCPCB,0.2604
"C10, C11, C12, C13...",,24,100nF 0603 X7R,CC0603KRX7R9BB104,C14663,Basic,JLCPCB,0.2952
L1,1,5,3.3µH inductor 2016,AOTA-B201610S3R3-101-T,C42411119,Extended,JLCPCB,1.4145
"R1, R2",2,20,5.1kΩ 0603 1%,FRC0603F5101TS,C2907044,Extended,JLCPCB,0.0440
"R3, R5",2,20,27Ω 0805 5%,0805W8F270JT5E,C17594,Extended,JLCPCB,0.0580
"R4, R7, R8",3,20,1kΩ 0603 1%,RC0603FR-071KL,C22548,Extended,JLCPCB,0.0720
R9,1,20,33Ω 0603 1%,FRC0603F33R0TS,C2909394,Extended,JLCPCB,0.0540
"SW1, SW2",2,6,Push button switch 3x4x2.5mm,HX 3x4x2.5-PA-4N,C55200589,Extended,JLCPCB,0.1776
U1,1,2,RP2354A microcontroller,RP2354A,C41378174,Extended,JLCPCB,2.5524
U2,1,5,12MHz crystal,ABM8-272-T3,C20625731,Extended,JLCPCB,3.0970
USB1,1,3,USB Type-C 16-pin connector,TYPE-C 16PIN 2MD(073),C2765186,Extended,JLCPCB,0.2229