Designator,Footprint,Quantity,Value,LCSC Part #
"C1, C2",0603,2,15pF,
"C10, C11, C12, C13, C14, C15, C16, C17, C18, C43, C8, C9",0603,12,100n,
"C19, C20, C21, C22, C23, C24, C25, C26, C27, C28, C29, C30, C31, C32, C33, C34, C35, C36, C37, C38, C39, C40, C41, C42, C6, C7",0805,26,10u,
"C3, C4, C5",0603,3,4.7u,
"D1, D10, D11, D12, D13, D14, D15, D16, D17, D18, D19, D2, D20, D21, D22, D23, D24, D25, D26, D27, D28, D29, D3, D30, D31, D32, D33, D34, D35, D36, D37, D38, D39, D4, D40, D41, D42, D43, D44, D45, D46, D47, D48, D49, D5, D50, D51, D52, D53, D54, D55, D56, D57, D58, D59, D6, D60, D61, D62, D63, D64, D65, D66, D67, D68, D69, D7, D70, D71, D72, D73, D74, D75, D76, D77, D78, D79, D8, D80, D81, D82, D9",LED_SK6812MINI-E_3.2x2.8mm_P1.5mm_ReverseMount,82,SK6812MINI-E,
J1,SSD1306_OLED_0.96,1,Conn_01x04_Pin,
L1,IND-SMD_L2.0-W1.6_AOTA-B201610S3R3-101-T,1,AOTA-B201610S3R3-101-T,C42411119
"R1, R2",R0603,2,FRC0603F5101TS,C2907044
"R3, R5",R0805,2,0805W8F270JT5E,C17594
"R4, R7, R8",0603,3,RC0603FR-071KL,C22548
R9,R0603,1,FRC0603F33R0TS,C2909394
"SW1, SW2",SW-SMD_4P-L4.2-W3.4-P2.15-LS5.2,2,HX 3X4X2.5-PA-4N PUSH BUTTON SWITCH,C55200589
"SW10, SW11, SW12, SW13, SW14, SW15, SW17, SW18, SW19, SW20, SW21, SW22, SW23, SW24, SW25, SW26, SW27, SW28, SW29, SW3, SW30, SW32, SW34, SW35, SW36, SW37, SW38, SW39, SW4, SW40, SW41, SW42, SW43, SW44, SW45, SW47, SW49, SW5, SW50, SW51, SW52, SW53, SW54, SW55, SW56, SW57, SW58, SW59, SW6, SW62, SW64, SW65, SW66, SW67, SW68, SW69, SW7, SW70, SW71, SW72, SW73, SW75, SW77, SW8, SW87, SW88, SW89, SW9, SW90, SW91, SW92",SW_Cherry_MX_1.00u_PCB,71,SW_Push,
SW16,RotaryEncoder_Alps_EC11E-Switch_Vertical_H20mm,1,RotaryEncoder_Switch,
"SW31, SW48, SW60",SW_Cherry_MX_2.00u_PCB,3,SW_Push,
"SW33, SW46",SW_Cherry_MX_1.50u_PCB,2,SW_Push,
SW63,SW_Cherry_MX_2.25u_PCB,1,SW_Push,
SW74,SW_Cherry_MX_1.75u_PCB,1,SW_Push,
SW78,SW_Cherry_MX_1.25u_PCB,1,SW_Push,
"SW79, SW80",SW_Cherry_MX_1.25u_Plate,2,SW_Push,
SW81,SW_Cherry_MX_6.25u_PCB,1,SW_Push,
U1,QFN-60-1EP_7x7mm_P0.4mm_EP3.4x3.4mm,1,RP2354A,
"U10, U11, U12, U13, U14, U15, U16, U17, U19, U20, U21, U22, U23, U24, U25, U26, U27, U28, U29, U30, U31, U32, U33, U34, U35, U36, U37, U38, U39, U4, U40, U41, U42, U43, U44, U45, U46, U47, U48, U49, U5, U50, U51, U52, U53, U54, U55, U56, U57, U58, U59, U6, U60, U61, U62, U63, U64, U65, U66, U67, U68, U69, U7, U70, U71, U72, U73, U74, U75, U76, U78, U79, U8, U80, U81, U82, U88, U89, U9, U90, U91, U92, U93",SOD-123_L2.7-W1.6-LS3.7-RD-1,83,MBR0530_C5204746,C5204746
U2,CRYSTAL-SMD_4P-L3.2-W2.5-BL,1,ABM8-272-T3_C20625731,C20625731
U3,SOT-223-3_TabPin2,1,NCP1117-3.3_SOT223,
USB1,USB-C-SMD_TYPE-C-16PIN-2MD-073,1,TYPE-C 16PIN 2MD,C2765186
