Designator,Mid X,Mid Y,Rotation,Layer
C1,286.901992,-70.498008,225.0,top
C10,288.451992,-62.548008,135.0,top
C11,288.648008,-68.873008,135.0,top
C12,293.951992,-75.073008,225.0,top
C13,304.951992,-70.248008,315.0,top
C14,305.276992,-72.926992,315.0,top
C15,302.251992,-71.151992,315.0,top
C16,291.1,-73.125,225.0,top
C17,289.423008,-58.623008,135.0,top
C18,299.323008,-62.326992,45.0,top
C19,352.05,-165.2,0.0,bottom
C2,287.275,-77.275,0.0,top
C20,352.05,-144.35,0.0,bottom
C21,352.05,-146.435,0.0,bottom
C22,352.05,-148.52,0.0,bottom
C23,352.05,-169.6,0.0,bottom
C24,352.05,-171.675,0.0,bottom
C25,351.9,-102.825,0.0,bottom
C26,351.9,-105.025,0.0,bottom
C27,351.95,-107.175,0.0,bottom
C28,351.975,-109.5,0.0,bottom
C29,352.05,-167.5,0.0,bottom
C3,303.701992,-68.201992,225.0,top
C30,352.05,-150.585,0.0,bottom
C31,352.05,-128.8,0.0,bottom
C32,352.05,-130.985,0.0,bottom
C33,352.05,-124.4,0.0,bottom
C34,352.05,-126.585,0.0,bottom
C35,350.550001,-185.175,0.0,bottom
C36,350.550001,-187.335,0.0,bottom
C37,350.550001,-189.494999,0.0,bottom
C38,350.550001,-191.538388,0.0,bottom
C39,354.037867,-185.113388,180.0,bottom
C4,303.701992,-64.701992,315.0,top
C40,354.037868,-191.476775,180.0,bottom
C41,354.037867,-189.316776,180.0,bottom
C42,354.037867,-187.156776,180.0,bottom
C43,301.648008,-62.301992,45.0,top
C5,302.701992,-65.951992,315.0,top
C6,344.865999,-63.5,180.0,top
C7,338.328,-69.021999,270.0,top
C8,296.45,-61.15,0.0,top
C9,302.098008,-73.223008,315.0,top
D1,301.0,-97.225,0.0,bottom
D10,117.5,-97.225,0.0,bottom
D11,96.875,-97.225,0.0,bottom
D12,76.8,-97.225,0.0,bottom
D13,56.225,-97.225,0.0,bottom
D14,35.55,-97.225,0.0,bottom
D15,36.875,-119.3,180.0,bottom
D16,56.425,-119.3,180.0,bottom
D17,76.85,-119.3,180.0,bottom
D18,97.075,-119.3,180.0,bottom
D19,117.975,-119.3,180.0,bottom
D2,279.825,-97.225,0.0,bottom
D20,138.6,-119.3,180.0,bottom
D21,158.875,-119.3,180.0,bottom
D22,179.15,-119.3,180.0,bottom
D23,199.05,-119.3,180.0,bottom
D24,219.1,-119.3,180.0,bottom
D25,240.15,-119.3,180.0,bottom
D26,259.225,-119.3,180.0,bottom
D27,280.15,-119.3,180.0,bottom
D28,309.975,-119.3,180.0,bottom
D29,340.775,-139.7,0.0,bottom
D3,260.45,-97.225,0.0,bottom
D30,316.15,-139.7,0.0,bottom
D31,290.525,-139.7,0.0,bottom
D32,270.775,-139.7,0.0,bottom
D33,250.275,-139.7,0.0,bottom
D34,229.675,-139.7,0.0,bottom
D35,208.775,-139.7,0.0,bottom
D36,189.625,-139.7,0.0,bottom
D37,168.575,-139.7,0.0,bottom
D38,148.075,-139.7,0.0,bottom
D39,127.55,-139.7,0.0,bottom
D4,239.75,-97.225,0.0,bottom
D40,107.825,-139.7,0.0,bottom
D41,87.35,-139.7,0.0,bottom
D42,66.725,-139.7,0.0,bottom
D43,340.3,-119.3,180.0,bottom
D44,41.45,-139.7,0.0,bottom
D45,46.65,-161.275,180.0,bottom
D46,340.275,-181.75,0.0,bottom
D47,76.375,-161.275,180.0,bottom
D48,320.275,-181.75,0.0,bottom
D49,96.3,-161.275,180.0,bottom
D5,218.8,-97.225,0.0,bottom
D50,291.725,-181.75,0.0,bottom
D51,117.725,-161.275,180.0,bottom
D52,264.725,-181.75,0.0,bottom
D53,138.0,-161.225,180.0,bottom
D54,244.075,-181.75,0.0,bottom
D55,157.675,-161.375,180.0,bottom
D56,223.525,-181.75,0.0,bottom
D57,178.3,-161.275,180.0,bottom
D58,203.025,-181.75,0.0,bottom
D59,198.375,-161.275,180.0,bottom
D6,199.1,-97.225,0.0,bottom
D60,183.225,-181.75,0.0,bottom
D61,218.85,-161.275,180.0,bottom
D62,162.7,-181.75,0.0,bottom
D63,238.925,-161.275,180.0,bottom
D64,141.975,-181.75,0.0,bottom
D65,259.35,-161.275,180.0,bottom
D66,122.325,-181.75,0.0,bottom
D67,280.025,-161.275,180.0,bottom
D68,101.85,-181.75,0.0,bottom
D69,309.825,-161.275,180.0,bottom
D7,179.05,-97.225,0.0,bottom
D70,81.75,-181.75,0.0,bottom
D71,340.375,-161.275,180.0,bottom
D72,49.35,-181.75,0.0,bottom
D73,39.1,-203.025,180.0,bottom
D74,64.925,-203.025,180.0,bottom
D75,90.25,-203.025,180.0,bottom
D76,163.9,-203.025,180.0,bottom
D77,237.85,-203.025,180.0,bottom
D78,258.85,-203.025,180.0,bottom
D79,279.625,-203.025,180.0,bottom
D8,158.0,-97.225,0.0,bottom
D80,299.725,-203.025,180.0,bottom
D81,320.2,-203.025,180.0,bottom
D82,340.275,-203.025,180.0,bottom
D9,137.325,-97.225,0.0,bottom
J1,321.31,-75.23,0.0,top
L1,305.207107,-63.282107,135.0,top
R1,350.25,-75.5,180.0,top
R2,350.25,-78.25,180.0,top
R3,312.296,-70.72,180.0,top
R4,289.325,-71.55,0.0,top
R5,312.296,-72.752,180.0,top
R7,340.5,-62.95,270.0,top
R8,342.2,-63.0,90.0,top
R9,306.63033,-65.29467,45.0,top
SW1,350.52,-63.422,0.0,top
SW10,178.92,-89.35,0.0,top
SW11,199.24,-89.35,0.0,top
SW12,219.560001,-89.35,0.0,top
SW13,239.88,-89.35,0.0,top
SW14,260.2,-89.35,0.0,top
SW15,280.52,-89.35,0.0,top
SW16,347.98,-91.44,90.0,top
SW17,300.99,-89.35,0.0,top
SW18,36.829999,-109.67,0.0,top
SW19,57.149999,-109.67,0.0,top
SW2,350.52,-68.072,180.0,top
SW20,77.469999,-109.67,0.0,top
SW21,97.789999,-109.67,0.0,top
SW22,118.109999,-109.67,0.0,top
SW23,138.429999,-109.67,0.0,top
SW24,158.749999,-109.67,0.0,top
SW25,179.069999,-109.67,0.0,top
SW26,199.389999,-109.67,0.0,top
SW27,219.709999,-109.67,0.0,top
SW28,240.029999,-109.67,0.0,top
SW29,260.349999,-109.67,0.0,top
SW3,36.829999,-89.35,0.0,top
SW30,280.669999,-109.67,0.0,top
SW31,310.477,-112.6175,0.0,top
SW32,340.36,-109.67,0.0,top
SW33,41.656,-129.99,0.0,top
SW34,67.31,-129.99,0.0,top
SW35,87.63,-129.99,0.0,top
SW36,107.95,-129.99,0.0,top
SW37,128.27,-129.99,0.0,top
SW38,148.59,-129.99,0.0,top
SW39,168.91,-129.99,0.0,top
SW4,57.149999,-89.35,0.0,top
SW40,189.23,-129.99,0.0,top
SW41,209.55,-129.99,0.0,top
SW42,229.87,-129.99,0.0,top
SW43,250.19,-129.99,0.0,top
SW44,270.51,-129.99,0.0,top
SW45,290.83,-129.99,0.0,top
SW46,315.55,-129.99,0.0,top
SW47,340.36,-129.99,0.0,top
SW48,46.444,-153.2575,0.0,top
SW49,76.2,-150.31,0.0,top
SW5,77.47,-89.35,0.0,top
SW50,96.52,-150.31,0.0,top
SW51,116.84,-150.31,0.0,top
SW52,137.16,-150.31,0.0,top
SW53,157.48,-150.31,0.0,top
SW54,177.8,-150.31,0.0,top
SW55,198.12,-150.31,0.0,top
SW56,218.44,-150.31,0.0,top
SW57,238.76,-150.31,0.0,top
SW58,259.08,-150.31,0.0,top
SW59,279.4,-150.31,0.0,top
SW6,97.64,-89.35,0.0,top
SW60,309.88,-153.2575,0.0,top
SW62,340.36,-150.31,0.0,top
SW63,48.8316,-173.5775,0.0,top
SW64,81.28,-170.63,0.0,top
SW65,101.6,-170.63,0.0,top
SW66,121.92,-170.63,0.0,top
SW67,142.24,-170.63,0.0,top
SW68,162.56,-170.63,0.0,top
SW69,182.88,-170.63,0.0,top
SW7,117.96,-89.35,0.0,top
SW70,203.2,-170.63,0.0,top
SW71,223.52,-170.63,0.0,top
SW72,243.84,-170.63,0.0,top
SW73,264.16,-170.63,0.0,top
SW74,292.1,-170.63,0.0,top
SW75,319.4304,-170.63,0.0,top
SW77,340.36,-170.63,0.0,top
SW78,39.37,-191.33,0.0,top
SW79,64.135,-191.33,0.0,top
SW8,138.28,-89.35,0.0,top
SW80,89.535,-191.33,0.0,top
SW81,163.83,-194.2775,0.0,top
SW87,237.49,-191.33,0.0,top
SW88,259.08,-191.33,0.0,top
SW89,279.4,-191.33,0.0,top
SW9,158.6,-89.35,0.0,top
SW90,299.72,-191.33,0.0,top
SW91,320.04,-191.33,0.0,top
SW92,340.36,-191.33,0.0,top
U1,296.575,-67.575,45.0,top
U10,164.669999,-100.0,0.0,bottom
U11,185.419999,-100.0,0.0,bottom
U12,205.309999,-100.0,0.0,bottom
U13,225.629999,-100.0,0.0,bottom
U14,245.949999,-100.0,0.0,bottom
U15,266.699999,-100.0,0.0,bottom
U16,287.02,-100.0,0.0,bottom
U17,307.34,-100.0,0.0,bottom
U19,43.434,-120.65,0.0,bottom
U2,287.425,-74.325,270.0,top
U20,63.5,-120.65,0.0,bottom
U21,83.82,-120.65,0.0,bottom
U22,104.14,-120.65,0.0,bottom
U23,124.46,-120.65,0.0,bottom
U24,144.75,-120.65,0.0,bottom
U25,165.1,-120.65,0.0,bottom
U26,185.42,-120.65,0.0,bottom
U27,205.74,-120.65,0.0,bottom
U28,225.63,-120.65,0.0,bottom
U29,246.38,-120.65,0.0,bottom
U3,343.0875,-69.240001,270.0,top
U30,266.7,-120.65,0.0,bottom
U31,286.59,-120.65,0.0,bottom
U32,316.23,-120.65,0.0,bottom
U33,346.71,-120.65,0.0,bottom
U34,48.26,-140.97,0.0,bottom
U35,73.66,-140.97,0.0,bottom
U36,93.98,-140.97,0.0,bottom
U37,114.3,-140.97,0.0,bottom
U38,134.62,-140.97,0.0,bottom
U39,154.51,-140.97,0.0,bottom
U4,43.179999,-100.0,0.0,bottom
U40,175.5,-140.8,0.0,bottom
U41,196.225,-140.95,0.0,bottom
U42,215.47,-140.97,0.0,bottom
U43,236.22,-140.97,0.0,bottom
U44,256.54,-140.97,0.0,bottom
U45,276.86,-140.97,0.0,bottom
U46,297.18,-140.97,0.0,bottom
U47,322.35,-140.75,0.0,bottom
U48,347.85,-141.05,0.0,bottom
U49,53.34,-161.29,0.0,bottom
U5,63.499999,-100.0,0.0,bottom
U50,83.82,-161.29,0.0,bottom
U51,103.71,-161.29,0.0,bottom
U52,124.03,-161.29,0.0,bottom
U53,144.35,-161.29,0.0,bottom
U54,164.67,-161.29,0.0,bottom
U55,184.99,-161.29,0.0,bottom
U56,205.31,-161.29,0.0,bottom
U57,225.63,-161.29,0.0,bottom
U58,245.95,-161.29,0.0,bottom
U59,266.27,-161.29,0.0,bottom
U6,83.819999,-100.0,0.0,bottom
U60,286.59,-161.29,0.0,bottom
U61,316.23,-161.29,0.0,bottom
U62,353.75,-100.1,0.0,bottom
U63,346.71,-161.29,0.0,bottom
U64,55.9,-182.825,0.0,bottom
U65,88.8,-181.575,0.0,bottom
U66,109.025,-181.575,0.0,bottom
U67,129.54,-181.61,0.0,bottom
U68,149.86,-181.61,0.0,bottom
U69,171.02,-181.61,0.0,bottom
U7,104.139999,-100.0,0.0,bottom
U70,190.07,-181.61,0.0,bottom
U71,209.98,-181.61,0.0,bottom
U72,231.14,-181.61,0.0,bottom
U73,251.46,-181.61,0.0,bottom
U74,271.78,-181.61,0.0,bottom
U75,298.45,-181.61,0.0,bottom
U76,326.39,-181.61,0.0,bottom
U78,347.15,-181.575,0.0,bottom
U79,46.99,-201.93,0.0,bottom
U8,124.029999,-100.0,0.0,bottom
U80,72.39,-201.93,0.0,bottom
U81,97.36,-201.93,0.0,bottom
U82,174.83,-201.93,0.0,bottom
U88,245.11,-201.93,0.0,bottom
U89,265.43,-201.93,0.0,bottom
U9,144.349999,-100.0,0.0,bottom
U90,287.02,-201.93,0.0,bottom
U91,306.07,-201.93,0.0,bottom
U92,327.23,-201.93,0.0,bottom
U93,346.28,-201.93,0.0,bottom
USB1,355.62,-76.708,90.0,top
